Aud_ID,URL
IE001,https://www.youtube.com/watch?v=6uUblznfrsk
IE002,https://www.youtube.com/watch?v=NLY8_ZnGGcU
IE003,https://www.youtube.com/watch?v=63mazZL-Lh4
IE004,https://www.youtube.com/watch?v=oMZZGzPg254
IE005,https://www.youtube.com/watch?v=cuwRniQ1-Y8
IE006,https://www.youtube.com/watch?v=8PSipGRaBa4
IE007,https://www.youtube.com/watch?v=uKO8tk3_itQ
IE008,https://www.youtube.com/watch?v=Zo6niD2u3Og
IE009,https://www.youtube.com/watch?v=ZYYyPX0dEfQ
IE010,https://www.youtube.com/watch?v=GTC6_gDeZcU
IE011,https://www.youtube.com/watch?v=zVEV1nx8zag
IE012,https://www.youtube.com/watch?v=_Ev0nlX17pU
IE013,https://www.youtube.com/watch?v=aFmwPiuElsE
IE014,https://www.youtube.com/watch?v=y6XeUjU3giY
IE015,https://www.youtube.com/watch?v=Wf3VJCpNMqI
IE016,https://www.youtube.com/watch?v=tH3hUlbiJs4
IE017,https://www.youtube.com/watch?v=YEBFQTtOhCg
IE018,https://www.youtube.com/watch?v=YEBFQTtOhCg
IE019,https://www.youtube.com/watch?v=3eOkj9uCfT0
IE020,https://www.youtube.com/watch?v=AnaiJBCedC0
IE021,https://www.youtube.com/watch?v=Ou8Mj-lxd2Y
IE022,https://www.youtube.com/watch?v=Ggw9w_PxGXE
IE023,https://www.youtube.com/watch?v=P996V0lZTig
IE024,https://www.youtube.com/watch?v=P996V0lZTig
IE025,https://www.youtube.com/watch?v=4rbOrgbIJ8Y
IE026,https://www.youtube.com/watch?v=FVMZ_zMBe90
IE027,https://www.youtube.com/watch?v=RV8jjpbi7ks
IE028,https://www.youtube.com/watch?v=HZt50pV2Hvs
IE029,https://www.youtube.com/watch?v=SzBhlhD5DFE
IE030,https://www.youtube.com/watch?v=eGYiDv_-7oA
,
H001,https://www.youtube.com/watch?v=V7LafUv-yBo
H002,https://www.youtube.com/watch?v=LGRcRj1--54
H003,https://www.youtube.com/watch?v=Ou4yXJRcW-Q
H004,https://www.youtube.com/watch?v=9bl-OwA9_wM
H005,https://www.youtube.com/watch?v=9bl-OwA9_wM
H006,https://www.youtube.com/watch?v=Echl4FE_mjs
H007,https://www.youtube.com/watch?v=GHPx0I4WI4U
H008,https://www.youtube.com/watch?v=sXRorBWgjoc
H009,https://www.youtube.com/watch?v=6hthkbqLJic
H010,https://www.youtube.com/watch?v=Uh0gftWUu9w&list=PLm1q2_CfmZpTdBhhk484KzAUXakmt9T-8
H011,https://www.youtube.com/watch?v=lxVqCkgb840
H012,https://www.youtube.com/watch?v=K9RPUxxSfYM
H013,https://www.youtube.com/watch?v=IkuJN5o8gFU
H014,https://www.youtube.com/watch?v=IkuJN5o8gFU
H015,https://www.youtube.com/watch?v=_PjTPuedN5o
H016,https://www.youtube.com/watch?v=0vy-Y2Pj-Zs
H017,https://www.youtube.com/watch?v=lI1LCk7ibTo
H018,https://www.youtube.com/watch?v=lI1LCk7ibTo
H019,https://www.youtube.com/watch?v=6dWVfCIfeEg
H020,https://www.youtube.com/watch?v=fdoNtEisXI0
H021,https://www.youtube.com/watch?v=YWcaP6M_3f0
H022,https://www.youtube.com/watch?v=fVXJ4gpy95Y
H023,https://www.youtube.com/watch?v=JaPKZcsPnYM
H024,https://www.youtube.com/watch?v=eyI5WkbSckI
H025,https://www.youtube.com/watch?v=Y1tibGqDUK8
H026,https://www.youtube.com/watch?v=K9DWzq4CFMw
H027,https://www.youtube.com/watch?v=mfUahN3rzcw
H028,https://www.youtube.com/watch?v=SMqJ59JKBHM
H029,https://www.youtube.com/watch?v=hMZhMqpLDtk
H030,https://www.youtube.com/watch?v=RyQ8Flh4NhI